title,url,single_line,image,group1.position,group1.menuref.0.uid,group1.menuref.0._content_type_uid,group,preview,geolocation,single_type_reference,reference.0.uid,reference.0._content_type_uid,tags,locale,uid,created_by,updated_by,created_at,updated_at,_version,_in_progress,fieldone,fieldtwo,publish_details,_workflow,single_type_reference.0.uid,single_type_reference.0._content_type_uid,single_type_reference.1.uid,single_type_reference.1._content_type_uid,single_type_reference.2.uid,single_type_reference.2._content_type_uid,single_type_reference.3.uid,single_type_reference.3._content_type_uid,single_type_reference.4.uid,single_type_reference.4._content_type_uid,single_type_reference.5.uid,single_type_reference.5._content_type_uid,single_type_reference.6.uid,single_type_reference.6._content_type_uid,single_type_reference.7.uid,single_type_reference.7._content_type_uid,single_type_reference.8.uid,single_type_reference.8._content_type_uid,single_type_reference.9.uid,single_type_reference.9._content_type_uid,single_type_reference.10.uid,single_type_reference.10._content_type_uid,single_type_reference.11.uid,single_type_reference.11._content_type_uid,single_type_reference.12.uid,single_type_reference.12._content_type_uid,single_type_reference.13.uid,single_type_reference.13._content_type_uid,single_type_reference.14.uid,single_type_reference.14._content_type_uid,single_type_reference.15.uid,single_type_reference.15._content_type_uid,single_type_reference.16.uid,single_type_reference.16._content_type_uid,single_type_reference.17.uid,single_type_reference.17._content_type_uid,single_type_reference.18.uid,single_type_reference.18._content_type_uid,single_type_reference.19.uid,single_type_reference.19._content_type_uid,single_type_reference.20.uid,single_type_reference.20._content_type_uid,single_type_reference.21.uid,single_type_reference.21._content_type_uid,single_type_reference.22.uid,single_type_reference.22._content_type_uid,single_type_reference.23.uid,single_type_reference.23._content_type_uid,single_type_reference.24.uid,single_type_reference.24._content_type_uid,single_type_reference.25.uid,single_type_reference.25._content_type_uid,single_type_reference.26.uid,single_type_reference.26._content_type_uid,single_type_reference.27.uid,single_type_reference.27._content_type_uid,single_type_reference.28.uid,single_type_reference.28._content_type_uid,single_type_reference.29.uid,single_type_reference.29._content_type_uid,single_type_reference.30.uid,single_type_reference.30._content_type_uid,single_type_reference.31.uid,single_type_reference.31._content_type_uid,single_type_reference.32.uid,single_type_reference.32._content_type_uid,single_type_reference.33.uid,single_type_reference.33._content_type_uid,single_type_reference.34.uid,single_type_reference.34._content_type_uid,single_type_reference.35.uid,single_type_reference.35._content_type_uid,single_type_reference.36.uid,single_type_reference.36._content_type_uid,single_type_reference.37.uid,single_type_reference.37._content_type_uid,single_type_reference.38.uid,single_type_reference.38._content_type_uid,single_type_reference.39.uid,single_type_reference.39._content_type_uid,single_type_reference.40.uid,single_type_reference.40._content_type_uid,single_type_reference.41.uid,single_type_reference.41._content_type_uid,single_type_reference.42.uid,single_type_reference.42._content_type_uid,single_type_reference.43.uid,single_type_reference.43._content_type_uid,single_type_reference.44.uid,single_type_reference.44._content_type_uid,single_type_reference.45.uid,single_type_reference.45._content_type_uid,single_type_reference.46.uid,single_type_reference.46._content_type_uid,single_type_reference.47.uid,single_type_reference.47._content_type_uid,single_type_reference.48.uid,single_type_reference.48._content_type_uid,single_type_reference.49.uid,single_type_reference.49._content_type_uid,single_type_reference.50.uid,single_type_reference.50._content_type_uid,single_type_reference.51.uid,single_type_reference.51._content_type_uid,single_type_reference.52.uid,single_type_reference.52._content_type_uid,single_type_reference.53.uid,single_type_reference.53._content_type_uid,single_type_reference.54.uid,single_type_reference.54._content_type_uid,ACL,group1.menuref,image.uid,image.created_at,image.updated_at,image.created_by,image.updated_by,image.content_type,image.file_size,image.tags,image.filename,image.url,image.ACL,image.is_dir,image.parent_uid,image._version,image.title,image.description,image.publish_details.0.environment,image.publish_details.0.locale,image.publish_details.0.time,image.publish_details.0.user,image.publish_details.0.version,reference,geolocation.0.europe.this_is_a_reference,geolocation.0.europe.europe_text_field,geolocation.1.america.cookie,geolocation.2.other.single_line,geolocation.3.groupblock.group1.single_line,geolocation.3.groupblock.group2.single_line,geolocation.3.groupblock.group3.single_line,geolocation.3.groupblock.group4.single_line,geolocation.3.groupblock.group5.single_line,geolocation.3.groupblock.group6.single_line,geolocation.3.groupblock.group7.single_line,geolocation.3.groupblock.group8.single_line,geolocation.3.groupblock.group9.single_line,geolocation.3.groupblock.group20.single_line,geolocation.3.groupblock.group30.single_line,geolocation.3.groupblock.group40.single_line,geolocation.3.groupblock.group50.single_line,geolocation.3.groupblock.group60.single_line
aaa2,/product/aaa-:single_line,aaa,,1.0,blt003b79d0f93c1396,menu,{},,{},{},blt6cde07037d9c0b1c,page,{},en-us,bltce5cdf2780ad1d86,blt44cb25990fd0af53,blt387a3e904a9fe21d,2020-11-24T15:58:30.681Z,2020-12-01T13:57:38.709Z,6,False,aaa,,[],Draft,,,,,,,,,,,,,,,,,,,,,,,,,,,,,,,,,,,,,,,,,,,,,,,,,,,,,,,,,,,,,,,,,,,,,,,,,,,,,,,,,,,,,,,,,,,,,,,,,,,,,,,,,,,,,,,,,,,,,,,,,,,,,,,,,,,,,,,,,,,,,,,,,,,,,,,,
yeah,/yeah,,,111.0,,,{},,{},,blt22e6ebd67214a9cc,page,{},en-us,blt39c66518a6a5df2d,blt44cb25990fd0af53,blt44cb25990fd0af53,2020-10-29T10:29:14.496Z,2020-11-23T21:44:21.862Z,6,False,,,"[('development', 'en-us')]",Draft,bltb445614d0e90bac7,us_cities,blt039bebe0a807387a,us_cities,blt725f07d143ce8797,us_cities,blta2ae1192e7399e0d,us_cities,blt33a1a33d9eb3f0cb,us_cities,blt6e66f82d94e8d1dc,us_cities,blt99e973b2dff95f68,us_cities,blt0e6a81b7be1fefe6,us_cities,blt4bdfdc47ff725a71,us_cities,blte22a909c7392caa5,us_cities,blt4b17264d2c4aa8de,us_cities,blt112f35865dbee536,us_cities,blt6b7c076c618f1ffe,us_cities,blta9e464bb2b591011,us_cities,blt91ee728ed7612408,us_cities,blt2052e4c4fa2612c8,us_cities,blt47d8d84f0c5a46cf,us_cities,blt74437ab3f7ba8f9b,us_cities,blt9775b36e7328af5d,us_cities,blt925597517da8d55f,us_cities,blt87fe517d20d59592,us_cities,bltae8258fb109faf17,us_cities,blt6aaad8243babaea3,us_cities,blt4d32fed145368e45,us_cities,blt32c5b14c0b89aeb1,us_cities,blt361dad3a0ff3fdd6,us_cities,blt5d7ed211da36168f,us_cities,blt383c44aea09159a9,us_cities,blt97a619d3176064c3,us_cities,blt824bc5038cc28398,us_cities,blt5f9acc01d7089799,us_cities,blte548323e9daffcb4,us_cities,bltaae5ba34422ca58d,us_cities,bltc5e91e59ca526f9c,us_cities,blt107a311c2355c998,us_cities,blt4f3c3a3df2e1167b,us_cities,blte6bf6424729156e5,us_cities,blt98343f64b17856c8,us_cities,blt60e92cc15143f022,us_cities,blt8f43a5945ebca69b,us_cities,blt7000e622f4a75709,us_cities,bltb251331d4aba8e5c,us_cities,bltfce64edad21dbcfa,us_cities,blt34178963ddfe1a4b,us_cities,blta5ba6e84e433dd38,us_cities,bltd9414bc316db6beb,us_cities,bltab4a9e5a348f5b09,us_cities,bltf3cc5fd42f93687e,us_cities,blt20eb8ecef616276d,us_cities,blt56a3d376fa0d110c,us_cities,blt000f1f227fcd48ff,us_cities,blt3cd9f9e0be6f860e,us_cities,blteb3c938143208a22,us_cities,blt9e26eaa07bb375e0,us_cities,blt3a7bbf1ad27606fd,us_cities,{},{},blte9fecc47aa795cc2,2020-09-23T09:43:48.183Z,2020-10-02T13:10:17.693Z,blt387a3e904a9fe21d,blt44cb25990fd0af53,image/jpeg,26781,{},optimized-coffee_chew.jpg,https://eu-images.contentstack.com/v3/assets/blt9727d0a43a2fa0dd/blte9fecc47aa795cc2/5f7726b97e4621566a02db59/optimized-coffee_chew.jpg,{},False,,2.0,asset-title,,blta2d6f45455db0c48,en-us,2020-10-02T13:11:12.730Z,blt44cb25990fd0af53,2.0,,,,,,,,,,,,,,,,,,,
New something. 2,/new-something,,,,,,,,{},{},blt08b0ed830b9d4569,page,{},en-us,blt94c4fb8ee5269e14,blt44cb25990fd0af53,blt44cb25990fd0af53,2020-09-24T12:47:29.349Z,2020-10-01T09:58:19.328Z,4,False,,,"[('development', 'en-us')]",Draft,,,,,,,,,,,,,,,,,,,,,,,,,,,,,,,,,,,,,,,,,,,,,,,,,,,,,,,,,,,,,,,,,,,,,,,,,,,,,,,,,,,,,,,,,,,,,,,,,,,,,,,,,,,,,,,,,,,,,,,,,,,,,,,,,,,,,,,,,,,,,,,,,,,,,,,,
Hello there,/hello-,,,,,,,,{},{},blt08b0ed830b9d4569,page,{},en-us,blt5d79571193f47af2,blt44cb25990fd0af53,blt44cb25990fd0af53,2020-07-07T12:38:03.205Z,2020-09-22T20:19:35.950Z,3,False,,,"[('development', 'en-us'), ('bulktest', 'ms-sg'), ('temp', 'ms-sg'), ('development', 'ms-sg'), ('bulktest', 'is-is'), ('temp', 'is-is'), ('development', 'is-is'), ('bulktest', 'en-us')]",,,,,,,,,,,,,,,,,,,,,,,,,,,,,,,,,,,,,,,,,,,,,,,,,,,,,,,,,,,,,,,,,,,,,,,,,,,,,,,,,,,,,,,,,,,,,,,,,,,,,,,,,,,,,,,,{},,,,,,,,,,,,,,,,,,,,,,,,,,,,,,,,,,,,,,,,,
Entry with Asset,/entry-with-asset,,,,,,,,{},{},blt08b0ed830b9d4569,page,{},en-us,bltb2cff6a2b07aa0f9,blt44cb25990fd0af53,blt44cb25990fd0af53,2020-05-06T11:30:23.282Z,2020-09-21T13:07:30.083Z,10,False,,,"[('development', 'en-us'), ('bulktest', 'ms-sg'), ('temp', 'ms-sg'), ('development', 'ms-sg'), ('bulktest', 'is-is'), ('temp', 'is-is'), ('development', 'is-is'), ('bulktest', 'en-us')]",,,,,,,,,,,,,,,,,,,,,,,,,,,,,,,,,,,,,,,,,,,,,,,,,,,,,,,,,,,,,,,,,,,,,,,,,,,,,,,,,,,,,,,,,,,,,,,,,,,,,,,,,,,,,,,,{},,,,,,,,,,,,,,,,,,,,,,,,,,,,,,,,,,,,,,,,,
Testing14,/testing111,,,,,,,,{},,blt08b0ed830b9d4569,page,{},en-us,blt06809c79e7ed95ad,blt44cb25990fd0af53,blt44cb25990fd0af53,2020-09-10T15:08:41.864Z,2020-09-16T09:37:44.111Z,28,False,,,"[('development', 'en-us')]",,blt3bcd9da2154e76a4,ace_editor,,,,,,,,,,,,,,,,,,,,,,,,,,,,,,,,,,,,,,,,,,,,,,,,,,,,,,,,,,,,,,,,,,,,,,,,,,,,,,,,,,,,,,,,,,,,,,,,,,,,,,,,,,,,,,,,,,,,,,,,,,,,,,,,,,,,,,,,,,,,,,,,,,,,,,
Image and Reference,/image-and-reference,,,,,,,,{},,blt08b0ed830b9d4569,page,{},en-us,bltac643bb6fc187c7e,blt44cb25990fd0af53,blt44cb25990fd0af53,2020-09-08T08:44:52.452Z,2020-09-08T08:45:39.055Z,2,False,,,"[('development', 'en-us')]",,blt3bcd9da2154e76a4,ace_editor,,,,,,,,,,,,,,,,,,,,,,,,,,,,,,,,,,,,,,,,,,,,,,,,,,,,,,,,,,,,,,,,,,,,,,,,,,,,,,,,,,,,,,,,,,,,,,,,,,,,,,,,,,,,,,,,,,,,,,,,,,,,,,,,,,,,,,,,,,,,,,,,,,,,,,
Frontpage5,/,,,,,,,,{},,blt08b0ed830b9d4569,page,{},en-us,bltf818af693e78743a,blt44cb25990fd0af53,blt44cb25990fd0af53,2020-03-22T21:52:00.065Z,2020-09-03T17:17:51.077Z,8,False,,,"[('bulktest', 'en-us'), ('temp', 'en-us'), ('development', 'en-us'), ('bulktest', 'ms-sg'), ('temp', 'ms-sg'), ('development', 'ms-sg'), ('bulktest', 'is-is'), ('temp', 'is-is'), ('development', 'is-is')]",,,,,,,,,,,,,,,,,,,,,,,,,,,,,,,,,,,,,,,,,,,,,,,,,,,,,,,,,,,,,,,,,,,,,,,,,,,,,,,,,,,,,,,,,,,,,,,,,,,,,,,,,,,,,,,,{},,,,,,,,,,,,,,,,,,,,,,,,,,,,,,,,,,,,,,,,,
topref,/topref,,,,,,,,{},,blt08b0ed830b9d4569,page,{},en-us,bltf49574ae7e440f59,blt44cb25990fd0af53,blt44cb25990fd0af53,2020-04-27T13:57:25.409Z,2020-08-04T14:16:14.343Z,2,False,,,"[('bulktest', 'ms-sg'), ('temp', 'ms-sg'), ('development', 'ms-sg'), ('bulktest', 'is-is'), ('temp', 'is-is'), ('development', 'is-is'), ('bulktest', 'en-us'), ('development', 'en-us'), ('temp', 'en-us')]",,,,,,,,,,,,,,,,,,,,,,,,,,,,,,,,,,,,,,,,,,,,,,,,,,,,,,,,,,,,,,,,,,,,,,,,,,,,,,,,,,,,,,,,,,,,,,,,,,,,,,,,,,,,,,,,{},,,,,,,,,,,,,,,,,,,,,,,,,,,,,,,,,,,,,,,,,
Hello!,/hello-,,,,,,,,{},,,,{},en-us,bltb28a1936e0164c02,blt44cb25990fd0af53,blt44cb25990fd0af53,2020-07-02T14:35:05.216Z,2020-07-02T14:35:05.216Z,1,False,,,"[('bulktest', 'ms-sg'), ('temp', 'ms-sg'), ('development', 'ms-sg'), ('bulktest', 'is-is'), ('temp', 'is-is'), ('development', 'is-is'), ('bulktest', 'en-us'), ('development', 'en-us')]",,,,,,,,,,,,,,,,,,,,,,,,,,,,,,,,,,,,,,,,,,,,,,,,,,,,,,,,,,,,,,,,,,,,,,,,,,,,,,,,,,,,,,,,,,,,,,,,,,,,,,,,,,,,,,,,{},,,,,,,,,,,,,,,,,,,,,,,{},,,,,,,,,,,,,,,,,,
Untitled,/untitled,,,,,,,,{},,,,{},en-us,blt320aeab97f522de1,blt44cb25990fd0af53,blt44cb25990fd0af53,2020-06-12T19:59:28.848Z,2020-06-12T19:59:28.848Z,1,False,,,"[('bulktest', 'ms-sg'), ('temp', 'ms-sg'), ('development', 'ms-sg'), ('bulktest', 'is-is'), ('temp', 'is-is'), ('development', 'is-is'), ('bulktest', 'en-us'), ('development', 'en-us')]",,,,,,,,,,,,,,,,,,,,,,,,,,,,,,,,,,,,,,,,,,,,,,,,,,,,,,,,,,,,,,,,,,,,,,,,,,,,,,,,,,,,,,,,,,,,,,,,,,,,,,,,,,,,,,,,{},,,,,,,,,,,,,,,,,,,,,,,{},,,,,,,,,,,,,,,,,,
About,/about,,,,,,,,{},,,,{},en-us,blt07d48678296ed626,blt44cb25990fd0af53,blt44cb25990fd0af53,2020-06-02T19:13:52.846Z,2020-06-02T19:13:52.846Z,1,False,,,"[('bulktest', 'ms-sg'), ('temp', 'ms-sg'), ('development', 'ms-sg'), ('bulktest', 'is-is'), ('temp', 'is-is'), ('development', 'is-is'), ('bulktest', 'en-us'), ('development', 'en-us')]",,,,,,,,,,,,,,,,,,,,,,,,,,,,,,,,,,,,,,,,,,,,,,,,,,,,,,,,,,,,,,,,,,,,,,,,,,,,,,,,,,,,,,,,,,,,,,,,,,,,,,,,,,,,,,,,{},,,,,,,,,,,,,,,,,,,,,,,,,,,,,,,,,,,,,,,,,
TEST2,/test,,,,,,,,,,,,{},en-us,blt06867aeb97dd91ec,blt44cb25990fd0af53,bltf146ff17f7de3c4f,2020-04-01T16:59:15.919Z,2020-04-22T15:39:29.883Z,25,False,,,"[('bulktest', 'ms-sg'), ('temp', 'ms-sg'), ('development', 'ms-sg'), ('bulktest', 'is-is'), ('temp', 'is-is'), ('development', 'is-is'), ('bulktest', 'en-us'), ('development', 'en-us'), ('temp', 'en-us')]",,,,,,,,,,,,,,,,,,,,,,,,,,,,,,,,,,,,,,,,,,,,,,,,,,,,,,,,,,,,,,,,,,,,,,,,,,,,,,,,,,,,,,,,,,,,,,,,,,,,,,,,,,,,,,,,{},,,,,,,,,,,,,,,,,,,,,,,,{},,,,,,,,,,,,,,,,,
malay language entry,/malay-language-entry,,,,,,,,,,,,{},en-us,bltf0d6fd817ad96975,blt44cb25990fd0af53,bltf146ff17f7de3c4f,2020-04-14T14:59:34.836Z,2020-04-22T15:39:29.865Z,5,False,,,"[('bulktest', 'is-is'), ('temp', 'is-is'), ('development', 'is-is'), ('bulktest', 'en-us'), ('development', 'en-us'), ('bulktest', 'ms-sg'), ('temp', 'ms-sg'), ('development', 'ms-sg'), ('temp', 'en-us')]",,,,,,,,,,,,,,,,,,,,,,,,,,,,,,,,,,,,,,,,,,,,,,,,,,,,,,,,,,,,,,,,,,,,,,,,,,,,,,,,,,,,,,,,,,,,,,,,,,,,,,,,,,,,,,,,{},,,,,,,,,,,,,,,,,,,,,,,,{},,,,,,,,,,,,,,,,,
